latitude,longitude,brightness,scan,track,acq_date,acq_time,satellite,confidence,version,bright_t31,frp,daynight
28.365,101.84,313.8,2.1,1.4,2021-01-07,0330,T,74,6.0NRT,282.6,45.5,D
28.28,101.641,302.6,2.2,1.4,2021-01-07,0330,T,40,6.0NRT,287.3,18,D
28.277,101.669,302.5,2.2,1.4,2021-01-07,0330,T,43,6.0NRT,283.9,17.6,D
28.279,101.659,309.6,2.2,1.4,2021-01-07,0330,T,67,6.0NRT,286.2,31,D
27.971,100.947,301.8,2.4,1.5,2021-01-07,0330,T,41,6.0NRT,287.4,17.7,D
26.784,100.621,306.6,2.5,1.5,2021-01-07,0330,T,64,6.0NRT,284.6,23.2,D
26.782,100.647,317.4,2.5,1.5,2021-01-07,0330,T,78,6.0NRT,289.6,53.4,D
26.629,101.96,315.3,2,1.4,2021-01-07,0330,T,27,6.0NRT,295.2,24.9,D
26.604,101.556,312.8,2.1,1.4,2021-01-07,0330,T,73,6.0NRT,293.7,26.8,D
26.565,101.944,310.5,2,1.4,2021-01-07,0330,T,68,6.0NRT,295.6,15.6,D
16.657,101.002,321.3,1.7,1.3,2021-01-07,0335,T,75,6.0NRT,295.1,31.8,D
16.655,101.017,310.2,1.7,1.3,2021-01-07,0335,T,46,6.0NRT,295,11.6,D
15.243,101.07,314.1,1.6,1.2,2021-01-07,0335,T,50,6.0NRT,298.2,10.4,D
14.09,101.325,315.3,1.5,1.2,2021-01-07,0335,T,64,6.0NRT,295.8,9.3,D
26.795,95.404,322.3,4.6,2,2021-01-07,0510,T,77,6.0NRT,286.2,186.1,D
26.794,95.399,319.4,4.6,2,2021-01-07,0510,T,79,6.0NRT,286.6,160,D
27.429,92,313.2,2.6,1.5,2021-01-07,0510,T,73,6.0NRT,278.3,56.7,D
27.424,92.024,312.6,2.6,1.5,2021-01-07,0510,T,71,6.0NRT,279.4,54.8,D
27.423,91.994,302.6,2.6,1.5,2021-01-07,0510,T,53,6.0NRT,278.7,32.4,D
27.418,92.017,316.8,2.6,1.5,2021-01-07,0510,T,77,6.0NRT,279.6,73.5,D
26.61,95.247,323.2,4.5,2,2021-01-07,0510,T,62,6.0NRT,283.2,179.2,D
26.61,95.236,323.9,4.5,2,2021-01-07,0510,T,0,6.0NRT,283.6,190.6,D
28.801,82.486,312.5,1.1,1,2021-01-07,0510,T,57,6.0NRT,290.1,12.7,D
28.602,83.719,310.5,1,1,2021-01-07,0510,T,25,6.0NRT,295.4,12.9,D
26.71,93.612,303.1,3.4,1.7,2021-01-07,0510,T,0,6.0NRT,292,28,D
28.452,83.612,323.2,1,1,2021-01-07,0510,T,82,6.0NRT,293.2,21.4,D
27.519,88.972,303,1.6,1.2,2021-01-07,0510,T,34,6.0NRT,283.7,13.4,D
28.176,84.91,306.1,1,1,2021-01-07,0510,T,39,6.0NRT,296.1,7,D
27.231,89.755,312.5,1.8,1.3,2021-01-07,0510,T,73,6.0NRT,284,31.5,D
27.237,89.748,315.3,1.8,1.3,2021-01-07,0510,T,76,6.0NRT,284.8,35.5,D
28.099,83.503,307.5,1,1,2021-01-07,0510,T,55,6.0NRT,296.2,6.4,D
28.053,80.339,303.2,1.3,1.1,2021-01-07,0510,T,45,6.0NRT,292.8,6.1,D
28.01,80.697,306.1,1.2,1.1,2021-01-07,0510,T,60,6.0NRT,294.6,6.5,D
27.654,80.019,303.8,1.3,1.1,2021-01-07,0510,T,54,6.0NRT,292.6,6.1,D
26.441,83.244,308.9,1,1,2021-01-07,0510,T,63,6.0NRT,294.4,6.7,D
23.781,86.397,315,1.3,1.1,2021-01-07,0510,T,38,6.0NRT,301.8,8.6,D
23.679,86.089,312.5,1.2,1.1,2021-01-07,0510,T,60,6.0NRT,300.8,7.3,D
22.795,86.211,319.1,1.3,1.1,2021-01-07,0510,T,64,6.0NRT,296.7,16.1,D
23.201,78.926,310,1.4,1.2,2021-01-07,0510,T,60,6.0NRT,295.9,9,D
22.24,81.449,316.4,1,1,2021-01-07,0510,T,71,6.0NRT,297.4,8.5,D
20.968,86.008,316.1,1.3,1.1,2021-01-07,0510,T,71,6.0NRT,299.3,11.4,D
31.135,62.062,302.1,1.1,1,2021-01-07,0645,T,51,6.0NRT,284.1,6.3,D
30.163,57.6,308.4,1.1,1,2021-01-07,0645,T,67,6.0NRT,284.5,9.8,D
10.537,98.525,313.5,1.4,1.2,2021-01-07,0640,A,45,6.0NRT,293.3,13.3,D
13.065,101.97,322.3,1,1,2021-01-07,0640,A,64,6.0NRT,300.9,9.9,D
13.064,101.961,322.1,1,1,2021-01-07,0640,A,70,6.0NRT,300.7,10.3,D
13.076,101.978,321.7,1,1,2021-01-07,0640,A,47,6.0NRT,302.2,8.8,D
13.153,99.809,331.2,1.1,1,2021-01-07,0640,A,83,6.0NRT,303.1,21.9,D
13.161,99.798,321.3,1.1,1,2021-01-07,0640,A,54,6.0NRT,299,10.3,D
13.609,101.332,319.2,1,1,2021-01-07,0640,A,57,6.0NRT,300,7.4,D
13.786,101.541,322.2,1,1,2021-01-07,0640,A,71,6.0NRT,302.4,8.9,D
14.087,101.321,325.5,1,1,2021-01-07,0640,A,77,6.0NRT,303.5,12.1,D
14.141,101.129,322.4,1,1,2021-01-07,0640,A,72,6.0NRT,299.2,11.8,D
14.303,99.847,322.7,1.1,1,2021-01-07,0640,A,74,6.0NRT,299,12.5,D
14.566,101.01,322.1,1,1,2021-01-07,0640,A,59,6.0NRT,302.3,9,D
14.56,99.36,325.7,1.1,1.1,2021-01-07,0640,A,74,6.0NRT,297.4,19.9,D
14.931,100.666,322.8,1,1,2021-01-07,0640,A,67,6.0NRT,301.7,9.3,D
14.94,100.665,327.5,1,1,2021-01-07,0640,A,74,6.0NRT,302.3,13.3,D
15.013,100.666,323.1,1,1,2021-01-07,0640,A,68,6.0NRT,306,7.5,D
14.982,100.394,323.4,1,1,2021-01-07,0640,A,70,6.0NRT,303.6,9.6,D
15.054,100.501,327.2,1,1,2021-01-07,0640,A,75,6.0NRT,305.2,11.1,D
15.151,100.847,322.7,1,1,2021-01-07,0640,A,66,6.0NRT,304.4,7.1,D
15.116,100.548,320.2,1,1,2021-01-07,0640,A,46,6.0NRT,302.1,6.3,D
15.331,101.209,320.5,1,1,2021-01-07,0640,A,58,6.0NRT,304.2,7,D
15.573,101.35,319.9,1,1,2021-01-07,0640,A,54,6.0NRT,301.1,9.9,D
15.647,100.647,337,1,1,2021-01-07,0640,A,86,6.0NRT,306.6,24.9,D
16.11,101.174,325.9,1,1,2021-01-07,0640,A,76,6.0NRT,299.8,14.7,D
15.645,98.091,313.6,1.3,1.1,2021-01-07,0640,A,60,6.0NRT,298.6,8,D
16.229,100.973,316.6,1,1,2021-01-07,0640,A,38,6.0NRT,299.7,6.2,D
16.514,101.105,321.1,1,1,2021-01-07,0640,A,45,6.0NRT,302,8.3,D
16.371,98.73,328.1,1.1,1.1,2021-01-07,0640,A,80,6.0NRT,302.2,19.7,D
16.316,97.671,321.9,1.3,1.1,2021-01-07,0640,A,47,6.0NRT,300.1,13.6,D
16.495,98.681,321.3,1.1,1.1,2021-01-07,0640,A,71,6.0NRT,301.5,11.9,D
16.636,99.479,321.3,1.1,1,2021-01-07,0640,A,71,6.0NRT,303.7,6.7,D
16.634,99.469,325,1.1,1,2021-01-07,0640,A,76,6.0NRT,303.8,11.2,D
16.668,99.458,330,1.1,1,2021-01-07,0640,A,81,6.0NRT,303.9,17.8,D
16.666,99.448,324.6,1.1,1,2021-01-07,0640,A,76,6.0NRT,303.8,10.6,D
16.801,100.163,319.5,1,1,2021-01-07,0640,A,68,6.0NRT,301.4,8.1,D
16.454,97.897,317.1,1.3,1.1,2021-01-07,0640,A,62,6.0NRT,298.8,8.2,D
16.505,97.7,319.7,1.3,1.1,2021-01-07,0640,A,57,6.0NRT,300.9,8.3,D
16.949,100.287,319.9,1,1,2021-01-07,0640,A,52,6.0NRT,303.4,6.8,D
16.933,100.184,321.4,1,1,2021-01-07,0640,A,71,6.0NRT,302.5,8.3,D
16.725,98.634,320,1.1,1.1,2021-01-07,0640,A,62,6.0NRT,297.8,11.6,D
17.01,100.271,327.7,1,1,2021-01-07,0640,A,79,6.0NRT,304.4,12.9,D
16.405,96.254,320.6,1.6,1.3,2021-01-07,0640,A,49,6.0NRT,299.3,15.9,D
17.03,100.088,318.7,1,1,2021-01-07,0640,A,58,6.0NRT,302.2,6.9,D
16.492,96.427,322,1.6,1.2,2021-01-07,0640,A,47,6.0NRT,300.1,14.8,D
16.966,98.465,318,1.2,1.1,2021-01-07,0640,A,57,6.0NRT,301,6.8,D
17.266,100.192,327.8,1,1,2021-01-07,0640,A,80,6.0NRT,305.3,12.1,D
16.615,96.057,321,1.7,1.3,2021-01-07,0640,A,68,6.0NRT,298.4,20.4,D
17.215,99.168,323.4,1.1,1,2021-01-07,0640,A,74,6.0NRT,302.3,11.7,D
16.975,95.935,319.4,1.7,1.3,2021-01-07,0640,A,60,6.0NRT,296.7,17.8,D
16.801,94.915,314.3,2,1.4,2021-01-07,0640,A,50,6.0NRT,296.6,12.9,D
16.797,94.896,314.8,2,1.4,2021-01-07,0640,A,55,6.0NRT,297.4,14.4,D
16.794,94.878,315.1,2,1.4,2021-01-07,0640,A,56,6.0NRT,296.7,14.4,D
17.003,95.961,315.7,1.7,1.3,2021-01-07,0640,A,31,6.0NRT,297.6,11.4,D
16.796,94.664,314.4,2.1,1.4,2021-01-07,0640,A,53,6.0NRT,295.3,16.8,D
17.004,95.971,315.7,1.6,1.3,2021-01-07,0640,A,21,6.0NRT,297.6,11.2,D
16.796,94.659,315.1,2.1,1.4,2021-01-07,0640,A,57,6.0NRT,295.4,19.7,D
17.346,94.868,316.5,2,1.4,2021-01-07,0640,A,65,6.0NRT,297.2,21.2,D
18.122,99.319,317.3,1,1,2021-01-07,0640,A,58,6.0NRT,301.1,5.8,D
18.195,99.367,326,1,1,2021-01-07,0640,A,79,6.0NRT,301.4,15.1,D
18.193,99.357,318.8,1,1,2021-01-07,0640,A,60,6.0NRT,301.6,7.3,D
18.35,99.359,320.4,1,1,2021-01-07,0640,A,73,6.0NRT,301.8,9.4,D
18.386,99.412,317.6,1,1,2021-01-07,0640,A,69,6.0NRT,301,7,D
18.385,99.403,322.1,1,1,2021-01-07,0640,A,75,6.0NRT,301.5,11.6,D
18.567,99.083,319.6,1.1,1,2021-01-07,0640,A,72,6.0NRT,302.4,6.9,D
18.566,99.073,319.8,1.1,1,2021-01-07,0640,A,73,6.0NRT,302.4,6.5,D
18.655,98.807,320.7,1.1,1,2021-01-07,0640,A,74,6.0NRT,300.7,12.4,D
18.829,99.535,313.3,1,1,2021-01-07,0640,A,46,6.0NRT,297.8,5,D
18.114,95.104,314.4,1.8,1.3,2021-01-07,0640,A,58,6.0NRT,299.6,11.4,D
18.553,97.297,314.4,1.3,1.1,2021-01-07,0640,A,55,6.0NRT,300.6,7.4,D
18.987,99.672,318.7,1,1,2021-01-07,0640,A,62,6.0NRT,304.2,7.9,D
18.756,97.345,317.1,1.3,1.1,2021-01-07,0640,A,54,6.0NRT,301.5,8.1,D
19.399,101.263,326.8,1,1,2021-01-07,0640,A,71,6.0NRT,294.9,21,D
19.392,101.215,320.1,1,1,2021-01-07,0640,A,67,6.0NRT,295.2,13.7,D
19.28,99.912,318.5,1,1,2021-01-07,0640,A,70,6.0NRT,300.4,7.6,D
19.141,98.908,313.1,1.1,1,2021-01-07,0640,A,32,6.0NRT,300.3,5.6,D
19.147,98.902,312.6,1.1,1,2021-01-07,0640,A,45,6.0NRT,299.3,5.6,D
19.322,99.948,318.4,1,1,2021-01-07,0640,A,58,6.0NRT,300.8,8.3,D
18.649,95.392,319.6,1.7,1.3,2021-01-07,0640,A,54,6.0NRT,304.7,14.3,D
19.342,99.452,315.7,1,1,2021-01-07,0640,A,53,6.0NRT,299.7,8.9,D
19.474,100.167,326.9,1,1,2021-01-07,0640,A,81,6.0NRT,307.6,11.2,D
19.716,101.83,309.3,1.1,1,2021-01-07,0640,A,42,6.0NRT,296.4,5.7,D
19.714,101.821,314.8,1.1,1,2021-01-07,0640,A,70,6.0NRT,299.1,9.7,D
19.253,98.432,314.9,1.1,1,2021-01-07,0640,A,31,6.0NRT,302.2,5.2,D
18.832,95.321,320.4,1.7,1.3,2021-01-07,0640,A,60,6.0NRT,305,13.9,D
19.466,98.99,321.6,1,1,2021-01-07,0640,A,75,6.0NRT,302.4,12.5,D
19.465,98.981,315.4,1,1,2021-01-07,0640,A,66,6.0NRT,302.3,6.3,D
19.096,96.403,320.4,1.4,1.2,2021-01-07,0640,A,73,6.0NRT,304.2,12.4,D
19.117,96.399,318.2,1.4,1.2,2021-01-07,0640,A,39,6.0NRT,302.9,8,D
19.453,97.532,314.3,1.2,1.1,2021-01-07,0640,A,63,6.0NRT,302.1,8.5,D
19.46,97.389,316.7,1.2,1.1,2021-01-07,0640,A,42,6.0NRT,304.9,7.5,D
19.608,97.594,321.9,1.2,1.1,2021-01-07,0640,A,74,6.0NRT,305.8,12.5,D
19.626,97.396,315.8,1.2,1.1,2021-01-07,0640,A,59,6.0NRT,302.9,8,D
20.14,100.383,319.4,1,1,2021-01-07,0640,A,62,6.0NRT,304.1,6.4,D
19.723,97.615,319.6,1.2,1.1,2021-01-07,0640,A,73,6.0NRT,303.3,12.1,D
19.607,96.901,311.7,1.3,1.1,2021-01-07,0640,A,50,6.0NRT,298,9.6,D
19.893,98.456,317,1.1,1,2021-01-07,0640,A,60,6.0NRT,305.1,9.5,D
19.728,97.26,328.6,1.2,1.1,2021-01-07,0640,A,75,6.0NRT,307,22.4,D
19.752,97.279,328.2,1.2,1.1,2021-01-07,0640,A,81,6.0NRT,305.8,23.1,D
20.137,99.593,313.1,1,1,2021-01-07,0640,A,56,6.0NRT,301.1,7.2,D
19.801,97.27,326.2,1.2,1.1,2021-01-07,0640,A,75,6.0NRT,309.1,19.4,D
19.899,97.56,317,1.2,1.1,2021-01-07,0640,A,69,6.0NRT,304.6,9.7,D
20.155,98.971,313.9,1,1,2021-01-07,0640,A,37,6.0NRT,302.2,5.5,D
20.279,99.615,316.1,1,1,2021-01-07,0640,A,70,6.0NRT,299.3,10.2,D
19.973,97.631,314.9,1.2,1.1,2021-01-07,0640,A,40,6.0NRT,303.6,6.1,D
19.936,97.089,324,1.3,1.1,2021-01-07,0640,A,67,6.0NRT,307.8,16.3,D
20.078,97.774,322.8,1.1,1.1,2021-01-07,0640,A,61,6.0NRT,309,13.5,D
20.601,101.045,311,1,1,2021-01-07,0640,A,55,6.0NRT,295.8,6,D
20.277,98.746,310.4,1.1,1,2021-01-07,0640,A,49,6.0NRT,300.3,5.6,D
20.276,98.736,316.8,1.1,1,2021-01-07,0640,A,70,6.0NRT,302.2,11.3,D
20.004,96.815,317,1.3,1.1,2021-01-07,0640,A,65,6.0NRT,303.3,11,D
20.16,97.52,310.1,1.2,1.1,2021-01-07,0640,A,47,6.0NRT,297.3,8.2,D
19.859,95.443,324.8,1.6,1.2,2021-01-07,0640,A,77,6.0NRT,308.7,18.6,D
20.652,100.224,307.3,1,1,2021-01-07,0640,A,55,6.0NRT,296.5,4.3,D
20.31,97.886,314.1,1.1,1.1,2021-01-07,0640,A,50,6.0NRT,303,6.9,D
20.788,100.934,311.1,1,1,2021-01-07,0640,A,66,6.0NRT,295.8,7.2,D
20.377,98.004,322.1,1.1,1.1,2021-01-07,0640,A,72,6.0NRT,306.2,9.2,D
20.376,97.94,324.2,1.1,1.1,2021-01-07,0640,A,79,6.0NRT,303.7,17,D
20.41,98.056,329.4,1.1,1,2021-01-07,0640,A,79,6.0NRT,307.9,22.6,D
20.256,96.908,324.4,1.3,1.1,2021-01-07,0640,A,77,6.0NRT,304.5,19.2,D
20.254,96.897,328.5,1.3,1.1,2021-01-07,0640,A,81,6.0NRT,305.5,26.6,D
20.354,97.393,312.8,1.2,1.1,2021-01-07,0640,A,49,6.0NRT,299.2,9.5,D
20.5,97.917,325,1.1,1.1,2021-01-07,0640,A,80,6.0NRT,305.5,17.5,D
20.412,97.117,326.2,1.2,1.1,2021-01-07,0640,A,79,6.0NRT,305,21.4,D
20.945,100.341,308.7,1,1,2021-01-07,0640,A,61,6.0NRT,298,6.2,D
20.944,100.332,309.4,1,1,2021-01-07,0640,A,63,6.0NRT,297.3,6.6,D
20.646,97.95,314.9,1.1,1.1,2021-01-07,0640,A,50,6.0NRT,303.7,6.8,D
20.576,97.239,316.9,1.2,1.1,2021-01-07,0640,A,40,6.0NRT,302.9,10.9,D
20.643,97.138,318.5,1.2,1.1,2021-01-07,0640,A,55,6.0NRT,307.2,9.4,D
20.599,96.869,315.7,1.3,1.1,2021-01-07,0640,A,50,6.0NRT,303.4,9.3,D
21.151,100.432,321.3,1,1,2021-01-07,0640,A,79,6.0NRT,299.7,13.2,D
21.161,100.44,314.8,1,1,2021-01-07,0640,A,56,6.0NRT,296.1,8,D
20.886,97.659,316.8,1.1,1.1,2021-01-07,0640,A,69,6.0NRT,302.5,9.1,D
20.96,97.847,314.6,1.1,1.1,2021-01-07,0640,A,66,6.0NRT,302.4,6.5,D
20.868,96.886,321.7,1.2,1.1,2021-01-07,0640,A,43,6.0NRT,304.1,9.8,D
20.866,96.875,337.7,1.2,1.1,2021-01-07,0640,A,88,6.0NRT,308.5,39.1,D
20.843,96.672,319.3,1.3,1.1,2021-01-07,0640,A,68,6.0NRT,302.8,11.2,D
20.901,96.965,346.4,1.2,1.1,2021-01-07,0640,A,93,6.0NRT,307.9,60.5,D
20.899,96.953,352.6,1.2,1.1,2021-01-07,0640,A,96,6.0NRT,308.9,77.6,D
21.173,98.385,311.5,1.1,1,2021-01-07,0640,A,62,6.0NRT,297.8,7.8,D
21.049,97.518,334.6,1.2,1.1,2021-01-07,0640,A,87,6.0NRT,301.6,34,D
21.047,97.507,341.2,1.2,1.1,2021-01-07,0640,A,91,6.0NRT,303.6,47.8,D
21.053,97.511,316.3,1.2,1.1,2021-01-07,0640,A,67,6.0NRT,302.4,10.5,D
20.936,96.796,314.7,1.3,1.1,2021-01-07,0640,A,31,6.0NRT,300.9,7.8,D
21.199,98.134,322,1.1,1,2021-01-07,0640,A,68,6.0NRT,304.2,13,D
21.232,98.16,321,1.1,1,2021-01-07,0640,A,68,6.0NRT,304.1,10.7,D
21.05,96.25,317,1.3,1.2,2021-01-07,0640,A,64,6.0NRT,302.7,11.5,D
21.266,97.504,309.7,1.1,1.1,2021-01-07,0640,A,45,6.0NRT,299,6.3,D
21.054,96.21,320.4,1.4,1.2,2021-01-07,0640,A,65,6.0NRT,303.7,14,D
21.386,98.089,314.4,1.1,1,2021-01-07,0640,A,30,6.0NRT,302.1,5.4,D
21.23,96.908,320.4,1.2,1.1,2021-01-07,0640,A,68,6.0NRT,304,13.4,D
21.231,96.903,317.4,1.2,1.1,2021-01-07,0640,A,65,6.0NRT,304.4,9.1,D
21.795,99.526,317.1,1,1,2021-01-07,0640,A,74,6.0NRT,298.5,9.9,D
21.793,99.516,317,1,1,2021-01-07,0640,A,74,6.0NRT,300.1,9.5,D
21.79,99.37,309,1,1,2021-01-07,0640,A,46,6.0NRT,297.1,4.3,D
21.521,96.362,315.8,1.3,1.1,2021-01-07,0640,A,60,6.0NRT,303.3,8.7,D
21.921,97.839,315,1.1,1,2021-01-07,0640,A,68,6.0NRT,301.4,7.4,D
21.93,97.837,314.7,1.1,1,2021-01-07,0640,A,62,6.0NRT,301.6,7.7,D
21.729,96.376,313.7,1.3,1.1,2021-01-07,0640,A,45,6.0NRT,298.7,8.5,D
22.411,100.703,307.8,1,1,2021-01-07,0640,A,61,6.0NRT,295.9,5,D
22.41,100.693,306.4,1,1,2021-01-07,0640,A,58,6.0NRT,295.6,4.1,D
22.106,97.504,316.6,1.1,1.1,2021-01-07,0640,A,53,6.0NRT,303.5,7.7,D
22.601,100.811,350.3,1,1,2021-01-07,0640,A,96,6.0NRT,300.1,63.4,D
22.6,100.801,316,1,1,2021-01-07,0640,A,74,6.0NRT,296.3,12.2,D
22.61,100.81,350.7,1,1,2021-01-07,0640,A,96,6.0NRT,295.7,63.7,D
22.609,100.8,325.6,1,1,2021-01-07,0640,A,83,6.0NRT,293.8,21.6,D
22.181,97.859,316.7,1.1,1,2021-01-07,0640,A,72,6.0NRT,300.4,11.1,D
22.3,97.62,313.5,1.1,1,2021-01-07,0640,A,65,6.0NRT,298.5,7,D
22.314,97.65,312.1,1.1,1,2021-01-07,0640,A,62,6.0NRT,298.2,6.2,D
22.739,100.276,309.2,1,1,2021-01-07,0640,A,53,6.0NRT,298.3,5.6,D
22.618,99.226,307.3,1,1,2021-01-07,0640,A,57,6.0NRT,295.8,5.2,D
22.104,95.917,317.8,1.4,1.2,2021-01-07,0640,A,57,6.0NRT,301.2,8.3,D
22.125,95.913,317.4,1.4,1.2,2021-01-07,0640,A,63,6.0NRT,302.3,8,D
22.912,100.394,306.3,1,1,2021-01-07,0640,A,58,6.0NRT,294.8,4.3,D
22.95,100.408,317.3,1,1,2021-01-07,0640,A,76,6.0NRT,294.7,12.7,D
22.949,100.398,308.8,1,1,2021-01-07,0640,A,64,6.0NRT,296.4,6.1,D
22.977,100.197,302.9,1,1,2021-01-07,0640,A,40,6.0NRT,292,3.9,D
22.888,99.315,312.3,1,1,2021-01-07,0640,A,69,6.0NRT,298.6,8.9,D
22.887,99.306,307.9,1,1,2021-01-07,0640,A,51,6.0NRT,295.5,5.3,D
23.053,99.688,310.7,1,1,2021-01-07,0640,A,65,6.0NRT,290.6,9.1,D
23.141,100.188,308.7,1,1,2021-01-07,0640,A,64,6.0NRT,295.6,5.7,D
22.754,97.384,311.4,1.1,1.1,2021-01-07,0640,A,64,6.0NRT,294.9,8.7,D
23.115,99.357,307.5,1,1,2021-01-07,0640,A,34,6.0NRT,294.2,5.4,D
23.114,99.347,312.5,1,1,2021-01-07,0640,A,62,6.0NRT,295.6,8.4,D
23.335,100.593,303.5,1,1,2021-01-07,0640,A,45,6.0NRT,292.7,3.4,D
22.645,95.584,319.2,1.4,1.2,2021-01-07,0640,A,74,6.0NRT,302.2,13.3,D
23.006,97.694,307.9,1.1,1,2021-01-07,0640,A,54,6.0NRT,294.9,4.7,D
23.004,97.684,308.1,1.1,1,2021-01-07,0640,A,57,6.0NRT,295.4,5,D
23.471,100.65,314.2,1,1,2021-01-07,0640,A,72,6.0NRT,293.4,10.9,D
23.469,100.64,306.1,1,1,2021-01-07,0640,A,55,6.0NRT,292.2,5.4,D
23.713,101.35,306.2,1.1,1,2021-01-07,0640,A,38,6.0NRT,295.4,5.4,D
23.146,97.407,328.4,1.1,1,2021-01-07,0640,A,84,6.0NRT,300.2,25.9,D
22.554,93.558,309.2,1.9,1.4,2021-01-07,0640,A,27,6.0NRT,294.6,14.3,D
23.07,96.353,322.3,1.2,1.1,2021-01-07,0640,A,77,6.0NRT,296.4,22,D
23.067,95.344,319,1.4,1.2,2021-01-07,0640,A,73,6.0NRT,302.9,10.9,D
23.559,97.464,305.7,1.1,1,2021-01-07,0640,A,48,6.0NRT,293.8,4.9,D
23.438,96.403,312.2,1.2,1.1,2021-01-07,0640,A,63,6.0NRT,298.9,7,D
23.538,96.627,315.5,1.2,1.1,2021-01-07,0640,A,70,6.0NRT,299.8,9.8,D
23.971,98.65,306,1,1,2021-01-07,0640,A,58,6.0NRT,294,5.6,D
23.969,98.64,309.4,1,1,2021-01-07,0640,A,66,6.0NRT,294.1,7.6,D
24.355,99.65,313.1,1,1,2021-01-07,0640,A,52,6.0NRT,297.3,7,D
24.747,94.022,309,1.6,1.3,2021-01-07,0640,A,51,6.0NRT,295,10.7,D
24.805,94.09,305.3,1.6,1.2,2021-01-07,0640,A,53,6.0NRT,294.9,7.1,D
24.893,94.066,307.1,1.6,1.2,2021-01-07,0640,A,33,6.0NRT,293.4,6.8,D
25.385,96.96,315.5,1.1,1,2021-01-07,0640,A,48,6.0NRT,298.7,9.5,D
25.047,94.479,314.1,1.5,1.2,2021-01-07,0640,A,73,6.0NRT,293,20.6,D
25.045,94.466,311.6,1.5,1.2,2021-01-07,0640,A,69,6.0NRT,292.8,18,D
25.733,96.66,313.7,1.1,1.1,2021-01-07,0640,A,74,6.0NRT,297.9,9.2,D
25.407,94.728,319.1,1.4,1.2,2021-01-07,0640,A,79,6.0NRT,295,23.5,D
25.418,94.726,329.1,1.4,1.2,2021-01-07,0640,A,86,6.0NRT,296.6,40.3,D
26.573,101.963,326.4,1.2,1.1,2021-01-07,0640,A,83,6.0NRT,301.9,24.4,D
26.571,101.951,344.2,1.2,1.1,2021-01-07,0640,A,93,6.0NRT,303.4,61.2,D
26.57,101.939,313.4,1.2,1.1,2021-01-07,0640,A,52,6.0NRT,300.8,8.4,D
26.604,101.97,317.9,1.3,1.1,2021-01-07,0640,A,68,6.0NRT,297.6,11.9,D
26.602,101.958,324.6,1.2,1.1,2021-01-07,0640,A,82,6.0NRT,298.5,21.1,D
26.577,101.667,325.4,1.2,1.1,2021-01-07,0640,A,83,6.0NRT,301.7,22,D
26.575,101.654,317.8,1.2,1.1,2021-01-07,0640,A,65,6.0NRT,299.6,12.3,D
25.725,94.837,311.2,1.4,1.2,2021-01-07,0640,A,71,6.0NRT,294.9,14.2,D
26.668,100.223,329.5,1.1,1,2021-01-07,0640,A,86,6.0NRT,292.4,27.4,D
26.667,100.213,312.7,1.1,1,2021-01-07,0640,A,73,6.0NRT,292.6,9,D
26.856,101.458,311.7,1.2,1.1,2021-01-07,0640,A,56,6.0NRT,295.5,9.6,D
26.777,100.647,315.2,1.1,1,2021-01-07,0640,A,53,6.0NRT,297.3,10.3,D
26.793,100.622,314.7,1.1,1,2021-01-07,0640,A,35,6.0NRT,297.8,10,D
26.93,101.476,310.2,1.2,1.1,2021-01-07,0640,A,52,6.0NRT,293.7,10,D
25.329,91.361,305.4,2.4,1.5,2021-01-07,0640,A,54,6.0NRT,293.8,20.1,D
25.422,91.767,307.5,2.3,1.5,2021-01-07,0640,A,61,6.0NRT,292.4,20.6,D
25.42,91.76,307.8,2.3,1.5,2021-01-07,0640,A,62,6.0NRT,292.1,22.7,D
27.044,101.985,309.3,1.3,1.1,2021-01-07,0640,A,62,6.0NRT,289.9,10.5,D
27.127,101.589,301.2,1.2,1.1,2021-01-07,0640,A,21,6.0NRT,285.6,5.5,D
26.586,95.236,342.2,1.3,1.1,2021-01-07,0640,A,93,6.0NRT,292.6,64.2,D
26.584,95.224,340.1,1.3,1.1,2021-01-07,0640,A,92,6.0NRT,293.3,59.8,D
26.598,95.246,319.2,1.3,1.1,2021-01-07,0640,A,79,6.0NRT,289.3,22.2,D
26.594,95.222,391.2,1.3,1.1,2021-01-07,0640,A,94,6.0NRT,300.4,286.9,D
26.594,95.217,367.2,1.3,1.1,2021-01-07,0640,A,94,6.0NRT,299.2,149.3,D
26.606,95.227,327.7,1.3,1.1,2021-01-07,0640,A,80,6.0NRT,288.1,33.9,D
26.604,95.215,342.1,1.3,1.1,2021-01-07,0640,A,87,6.0NRT,288.1,64.5,D
26.59,94.95,341.7,1.3,1.1,2021-01-07,0640,A,92,6.0NRT,289.9,66.1,D
26.632,95.075,303,1.3,1.1,2021-01-07,0640,A,42,6.0NRT,289,4.9,D
26.788,95.397,371.3,1.2,1.1,2021-01-07,0640,A,94,6.0NRT,297.4,161,D
26.786,95.384,313.7,1.2,1.1,2021-01-07,0640,A,62,6.0NRT,293.3,13.7,D
26.798,95.396,360.4,1.2,1.1,2021-01-07,0640,A,94,6.0NRT,295.1,114.2,D
27.315,98.63,317.6,1,1,2021-01-07,0640,A,78,6.0NRT,287.8,16.1,D
27.313,98.62,319.9,1,1,2021-01-07,0640,A,80,6.0NRT,288,18.5,D
27.328,98.658,315.1,1,1,2021-01-07,0640,A,75,6.0NRT,290.4,14.1,D
26.842,95.522,305,1.2,1.1,2021-01-07,0640,A,59,6.0NRT,284.1,10.2,D
26.896,95.606,319.1,1.2,1.1,2021-01-07,0640,A,76,6.0NRT,288.9,21.1,D
26.894,95.593,338.1,1.2,1.1,2021-01-07,0640,A,91,6.0NRT,289.7,51.7,D
26.903,95.591,320.9,1.2,1.1,2021-01-07,0640,A,80,6.0NRT,290.3,23.4,D
27.289,97.518,310.8,1,1,2021-01-07,0640,A,57,6.0NRT,296.6,6.2,D
27.288,97.508,310.7,1,1,2021-01-07,0640,A,62,6.0NRT,296.2,6.1,D
27.277,97.437,320.3,1,1,2021-01-07,0640,A,80,6.0NRT,296.2,14,D
27.275,97.426,316.7,1,1,2021-01-07,0640,A,77,6.0NRT,296.4,11.6,D
27.297,97.506,310.8,1,1,2021-01-07,0640,A,51,6.0NRT,295.5,6.2,D
27.298,97.453,312.3,1,1,2021-01-07,0640,A,66,6.0NRT,296.8,6.6,D
27.952,100.926,339.5,1.2,1.1,2021-01-07,0640,A,91,6.0NRT,293,51.2,D
27.95,100.914,337,1.1,1.1,2021-01-07,0640,A,90,6.0NRT,289.4,47.1,D
27.961,100.925,389.7,1.2,1.1,2021-01-07,0640,A,100,6.0NRT,294.1,240.7,D
27.959,100.913,402.6,1.1,1.1,2021-01-07,0640,A,100,6.0NRT,294.1,329.2,D
27.972,100.936,311.8,1.2,1.1,2021-01-07,0640,A,72,6.0NRT,291,12,D
27.971,100.924,310.5,1.2,1.1,2021-01-07,0640,A,47,6.0NRT,290.7,10.6,D
27.981,100.89,304.5,1.1,1.1,2021-01-07,0640,A,56,6.0NRT,287.7,8.8,D
28.278,101.671,335,1.3,1.1,2021-01-07,0640,A,89,6.0NRT,292.5,48.5,D
28.276,101.66,326.9,1.3,1.1,2021-01-07,0640,A,83,6.0NRT,293,32.6,D
28.287,101.669,320,1.3,1.1,2021-01-07,0640,A,76,6.0NRT,289.2,23.8,D
28.286,101.657,328.5,1.3,1.1,2021-01-07,0640,A,85,6.0NRT,293.1,35,D
28.285,101.647,346.3,1.3,1.1,2021-01-07,0640,A,94,6.0NRT,296.8,72.4,D
28.296,101.656,341.7,1.3,1.1,2021-01-07,0640,A,92,6.0NRT,294.2,59.6,D
28.295,101.646,376.2,1.3,1.1,2021-01-07,0640,A,100,6.0NRT,297.7,188.6,D
28.505,101.879,324.3,1.3,1.1,2021-01-07,0640,A,83,6.0NRT,290.2,33.3,D
28.528,101.903,310.2,1.3,1.1,2021-01-07,0640,A,52,6.0NRT,288.6,13.2,D
27.454,93.75,309.4,1.5,1.2,2021-01-07,0640,A,69,6.0NRT,291.3,14.7,D
27.452,93.735,311.6,1.5,1.2,2021-01-07,0640,A,71,6.0NRT,290.9,17.4,D
27.447,93.745,319.3,1.5,1.2,2021-01-07,0640,A,79,6.0NRT,291.4,29.3,D
27.492,93.751,305.4,1.5,1.2,2021-01-07,0640,A,61,6.0NRT,288.6,9.4,D
27.363,92.547,301.3,1.8,1.3,2021-01-07,0640,A,28,6.0NRT,290.2,8.8,D
27.421,92.008,309.9,2,1.4,2021-01-07,0640,A,69,6.0NRT,283.2,33.2,D
27.416,91.986,303.9,2,1.4,2021-01-07,0640,A,57,6.0NRT,283.5,22.2,D
28.846,100.397,318.9,1.1,1.1,2021-01-07,0640,A,70,6.0NRT,285.6,19.4,D
28.845,100.385,437.7,1.1,1.1,2021-01-07,0640,A,100,6.0NRT,316.9,662.4,D
28.844,100.374,369.1,1.1,1.1,2021-01-07,0640,A,100,6.0NRT,299.7,131.8,D
28.854,100.384,419.5,1.1,1.1,2021-01-07,0640,A,100,6.0NRT,319.2,458.3,D
28.853,100.372,371.6,1.1,1.1,2021-01-07,0640,A,100,6.0NRT,307,141.4,D
24.508,56.605,319.5,1.1,1,2021-01-07,0650,T,56,6.0NRT,298.7,11.6,D
24.481,56.617,314.4,1.1,1,2021-01-07,0650,T,50,6.0NRT,298.5,6.7,D
24.461,56.624,329.3,1.1,1,2021-01-07,0650,T,83,6.0NRT,298.4,23.9,D
23.515,58.661,321.1,1,1,2021-01-07,0650,T,75,6.0NRT,297,14.3,D
15.396,74.094,313.9,1.2,1.1,2021-01-07,0820,A,56,6.0NRT,296.7,9.1,D
18.935,76.787,313.5,1,1,2021-01-07,0820,A,51,6.0NRT,290.7,5.6,D
20.942,86.199,314,4.5,1.9,2021-01-07,0820,A,60,6.0NRT,292.4,45,D
19.501,73.128,341.2,1.2,1.1,2021-01-07,0820,A,91,6.0NRT,299.2,43.1,D
19.499,73.117,320,1.2,1.1,2021-01-07,0820,A,72,6.0NRT,299,8.5,D
21.717,72.758,315.2,1.1,1.1,2021-01-07,0820,A,59,6.0NRT,298.5,7.8,D
23.108,79.556,318.3,1.6,1.2,2021-01-07,0820,A,70,6.0NRT,298,19.2,D
23.108,79.551,319.8,1.6,1.2,2021-01-07,0820,A,73,6.0NRT,298.1,23.3,D
26.332,83.302,309.7,3.2,1.7,2021-01-07,0820,A,38,6.0NRT,297,26.8,D
26.33,83.27,309.6,3.2,1.7,2021-01-07,0820,A,43,6.0NRT,297.5,25.5,D
26.345,83.269,311.4,3.2,1.7,2021-01-07,0820,A,53,6.0NRT,297.2,32.9,D
26.344,83.296,316.8,3.2,1.7,2021-01-07,0820,A,0,6.0NRT,296.2,52.3,D
26.731,73.202,311.8,1,1,2021-01-07,0820,A,50,6.0NRT,300.2,3.9,D
26.729,73.192,311.9,1,1,2021-01-07,0820,A,54,6.0NRT,299.1,4.2,D
28.23,84.997,302.9,4.5,1.9,2021-01-07,0820,A,34,6.0NRT,286.5,44.8,D
26.597,68.937,319.5,1.6,1.2,2021-01-07,0820,A,68,6.0NRT,300.9,23,D
28.455,83.619,302.1,3.6,1.8,2021-01-07,0820,A,39,6.0NRT,291.4,25.7,D
28.452,83.577,301.7,3.6,1.8,2021-01-07,0820,A,34,6.0NRT,291.1,20.7,D
28.449,83.612,306.2,3.6,1.8,2021-01-07,0820,A,61,6.0NRT,292.1,40,D
27.327,72.142,325,1.1,1,2021-01-07,0820,A,68,6.0NRT,298.8,16.3,D
27.353,72.131,323.8,1.1,1,2021-01-07,0820,A,76,6.0NRT,297.3,16.7,D
27.353,71.956,311.5,1.1,1,2021-01-07,0820,A,27,6.0NRT,298.4,4.4,D
28.72,82.577,311.6,3,1.7,2021-01-07,0820,A,71,6.0NRT,287.4,53.2,D
27.484,71.902,317,1.1,1,2021-01-07,0820,A,61,6.0NRT,298.6,8,D
27.495,71.911,314.1,1.1,1,2021-01-07,0820,A,45,6.0NRT,298.1,5.3,D
28.72,82.567,310,3,1.7,2021-01-07,0820,A,59,6.0NRT,287.8,45.3,D
27.514,71.922,334.6,1.1,1,2021-01-07,0820,A,86,6.0NRT,301.6,30.3,D
27.54,71.906,325.5,1.1,1,2021-01-07,0820,A,78,6.0NRT,300.7,18.1,D
28.003,69.262,304.5,1.4,1.2,2021-01-07,0820,A,38,6.0NRT,290,7.1,D
29.293,71.83,328.5,1,1,2021-01-07,0820,A,22,6.0NRT,293.9,21,D
30.227,71.054,304.8,1.1,1,2021-01-07,0820,A,58,6.0NRT,292.8,4.8,D
30.87,70.867,306.9,1.1,1,2021-01-07,0820,A,0,6.0NRT,293.7,6.8,D
31.337,72.217,303.3,1,1,2021-01-07,0820,A,44,6.0NRT,293.2,3.6,D
31.027,70.012,307,1.2,1.1,2021-01-07,0820,A,58,6.0NRT,284.1,10.2,D
31.925,72.265,308.9,1,1,2021-01-07,0820,A,65,6.0NRT,292.7,7.6,D
31.87,71.099,306.4,1,1,2021-01-07,0820,A,46,6.0NRT,293.1,5.2,D
31.868,71.089,318.6,1,1,2021-01-07,0820,A,76,6.0NRT,293.8,16,D
33.091,72.364,302.7,1,1,2021-01-07,0820,A,53,6.0NRT,292.1,3.5,D
33.09,72.353,308.4,1,1,2021-01-07,0820,A,67,6.0NRT,290.9,7,D
33.278,71.127,310.4,1,1,2021-01-07,0825,A,70,6.0NRT,292.3,8.9,D
33.277,71.116,304.1,1,1,2021-01-07,0825,A,57,6.0NRT,290.9,4.7,D
33.493,71.14,317.9,1,1,2021-01-07,0825,A,66,6.0NRT,290.1,16,D
12.202,99.111,303.2,1.6,1.3,2021-01-07,1605,T,54,6.0NRT,290.6,9.9,N
12.213,99.109,310.4,1.6,1.3,2021-01-07,1605,T,80,6.0NRT,290.6,18.8,N
14.939,100.656,303.7,2.3,1.5,2021-01-07,1605,T,56,6.0NRT,293.2,12.9,N
14.855,99.706,310.5,2,1.4,2021-01-07,1605,T,80,6.0NRT,291.7,25.1,N
20.958,85.18,301,2.4,1.5,2021-01-07,1605,T,36,6.0NRT,289.4,14.6,N
28.559,84.312,312,1.9,1.3,2021-01-07,1610,T,84,6.0NRT,272.7,40.7,N
28.79,82.479,302.7,2.5,1.5,2021-01-07,1610,T,51,6.0NRT,278.9,35.9,N
26.579,101.673,315.5,1.3,1.1,2021-01-07,1850,A,91,6.0NRT,287.1,22.1,N
28.561,84.31,322.6,1.2,1.1,2021-01-07,2025,A,100,6.0NRT,274.3,35.8,N
21.078,85.04,300.4,1.9,1.3,2021-01-07,2030,A,26,6.0NRT,288.5,12.2,N
25.6,54.432,306.5,1,1,2021-01-07,2205,A,45,6.0NRT,294.3,6.4,N
24.463,56.625,313.7,1,1,2021-01-07,2205,A,88,6.0NRT,288.8,15.1,N
24.461,56.635,300.6,1,1,2021-01-07,2205,A,30,6.0NRT,287.8,5.9,N
23.158,55.447,307.8,1,1,2021-01-07,2205,A,72,6.0NRT,283.2,11.8,N
23.156,55.457,306,1,1,2021-01-07,2205,A,67,6.0NRT,283.5,10.7,N
21.38,56.721,322.3,1.1,1.1,2021-01-07,2210,A,100,6.0NRT,284.7,27.1,N
39.847,98.277,303.4,1.1,1.1,2021-01-08,0410,T,0,6.0NRT,265.2,12.8,D
27.084,101.376,303,1.3,1.1,2021-01-08,0415,T,45,6.0NRT,286.9,9.3,D
26.638,101.742,314.1,1.4,1.2,2021-01-08,0415,T,66,6.0NRT,292.2,21.1,D
26.572,101.953,305.6,1.4,1.2,2021-01-08,0415,T,62,6.0NRT,292.8,9.8,D
26.786,100.655,305.2,1.2,1.1,2021-01-08,0415,T,35,6.0NRT,292.9,7,D
26.58,101.669,306.7,1.4,1.2,2021-01-08,0415,T,60,6.0NRT,290.7,9.6,D
26.526,101.566,307.2,1.4,1.2,2021-01-08,0415,T,65,6.0NRT,289.5,11,D
26.416,101.885,309.5,1.4,1.2,2021-01-08,0415,T,64,6.0NRT,290.4,12.6,D
26.419,101.894,308.1,1.4,1.2,2021-01-08,0415,T,55,6.0NRT,289.9,10.8,D
26.392,101.331,305.6,1.3,1.1,2021-01-08,0415,T,36,6.0NRT,294.5,7.8,D
26.654,95.094,307.1,1.1,1.1,2021-01-08,0415,T,59,6.0NRT,289.9,8,D
26.653,95.106,330.1,1.1,1.1,2021-01-08,0415,T,87,6.0NRT,292.6,34,D
25.76,100.398,305.6,1.2,1.1,2021-01-08,0415,T,48,6.0NRT,290.4,6.9,D
26.481,95.093,300.7,1.1,1.1,2021-01-08,0415,T,18,6.0NRT,284.8,5.3,D
26.424,95.042,306.6,1.1,1.1,2021-01-08,0415,T,60,6.0NRT,296,7.7,D
26.423,95.054,302.9,1.1,1.1,2021-01-08,0415,T,27,6.0NRT,291.6,5.4,D
25.108,98.977,307.7,1.1,1,2021-01-08,0415,T,57,6.0NRT,295.9,5.9,D
25.242,94.483,303.4,1.2,1.1,2021-01-08,0415,T,56,6.0NRT,292.8,5.9,D
25.24,94.494,305.1,1.2,1.1,2021-01-08,0415,T,59,6.0NRT,291.4,6.6,D
24.166,99.909,305.4,1.2,1.1,2021-01-08,0415,T,56,6.0NRT,289.6,7.8,D
24.162,99.915,304.8,1.2,1.1,2021-01-08,0415,T,33,6.0NRT,291.1,6.5,D
23.836,99.465,307.3,1.2,1.1,2021-01-08,0415,T,65,6.0NRT,294.4,6.5,D
24.506,94.192,307.9,1.2,1.1,2021-01-08,0415,T,65,6.0NRT,293.6,9.4,D
23.532,100.608,342.1,1.3,1.2,2021-01-08,0415,T,93,6.0NRT,292.3,73,D
23.53,100.622,332.3,1.4,1.2,2021-01-08,0415,T,88,6.0NRT,290.1,49.9,D
23.538,99.775,303.2,1.2,1.1,2021-01-08,0415,T,54,6.0NRT,293,5.1,D
23.305,98.506,304.3,1.1,1,2021-01-08,0415,T,59,6.0NRT,293.1,4.1,D
22.949,100.411,306.7,1.3,1.1,2021-01-08,0415,T,64,6.0NRT,291.4,10.2,D
23.775,94.169,315.1,1.2,1.1,2021-01-08,0415,T,74,6.0NRT,296.6,12.2,D
23.706,93.841,304.4,1.2,1.1,2021-01-08,0415,T,54,6.0NRT,292.5,7.1,D
22.804,99.259,307.9,1.2,1.1,2021-01-08,0415,T,66,6.0NRT,294.6,8.8,D
22.612,100.216,300.3,1.3,1.1,2021-01-08,0415,T,29,6.0NRT,286.9,4.5,D
22.394,99.493,305.3,1.2,1.1,2021-01-08,0415,T,35,6.0NRT,286.9,6.8,D
22.501,95.634,317.1,1,1,2021-01-08,0415,T,69,6.0NRT,300.1,8.5,D
22.522,95.416,311.6,1,1,2021-01-08,0415,T,57,6.0NRT,298.9,4.4,D
21.829,96.587,310.5,1,1,2021-01-08,0415,T,57,6.0NRT,298.8,6.4,D
22.203,93.324,308.8,1.2,1.1,2021-01-08,0415,T,60,6.0NRT,293.1,10,D
21.773,96.337,314.1,1,1,2021-01-08,0415,T,64,6.0NRT,299.1,6.8,D
21.72,96.195,323.7,1,1,2021-01-08,0415,T,78,6.0NRT,299,14.9,D
21.419,97.639,309.8,1,1,2021-01-08,0415,T,64,6.0NRT,295.8,6.8,D
21.398,96.312,323.4,1,1,2021-01-08,0415,T,77,6.0NRT,298,14.6,D
21.121,96.937,316.2,1,1,2021-01-08,0415,T,59,6.0NRT,300,8.3,D
21.183,96.215,315,1,1,2021-01-08,0415,T,60,6.0NRT,299.4,8.2,D
21.14,96.257,312.7,1,1,2021-01-08,0415,T,48,6.0NRT,298.6,6.5,D
20.895,96.965,316.3,1,1,2021-01-08,0415,T,36,6.0NRT,300.7,6,D
20.87,96.951,319.6,1,1,2021-01-08,0415,T,64,6.0NRT,301,8.9,D
20.445,98.917,307,1.2,1.1,2021-01-08,0415,T,55,6.0NRT,293.1,7.1,D
20.545,97.445,309.5,1,1,2021-01-08,0415,T,50,6.0NRT,296.1,5.8,D
20.6,96.597,317.4,1,1,2021-01-08,0415,T,57,6.0NRT,300.9,10.4,D
20.064,98.911,310.7,1.2,1.1,2021-01-08,0415,T,63,6.0NRT,296.8,6.7,D
20.082,96.911,320.9,1,1,2021-01-08,0415,T,60,6.0NRT,302.5,11.8,D
20.024,96.931,323.8,1,1,2021-01-08,0415,T,71,6.0NRT,304.1,14.1,D
20.014,96.932,315.6,1,1,2021-01-08,0415,T,50,6.0NRT,302.5,6.2,D
19.832,97.034,314.9,1,1,2021-01-08,0415,T,64,6.0NRT,299.6,7.6,D
20.05,94.675,316.3,1,1,2021-01-08,0415,T,66,6.0NRT,300.8,7.6,D
19.702,96.194,318.3,1,1,2021-01-08,0415,T,69,6.0NRT,303.1,5.9,D
19.2,98.419,312.7,1.2,1.1,2021-01-08,0415,T,66,6.0NRT,297.4,7.9,D
19.227,96.829,320.3,1,1,2021-01-08,0415,T,76,6.0NRT,295.3,16.2,D
19.226,96.839,313.8,1,1,2021-01-08,0415,T,67,6.0NRT,294.4,10.2,D
18.851,97.924,310.7,1.1,1.1,2021-01-08,0415,T,47,6.0NRT,297,6.7,D
18.554,97.308,312.4,1.1,1,2021-01-08,0415,T,62,6.0NRT,298,5.8,D
18.28,98.332,313.7,1.2,1.1,2021-01-08,0415,T,68,6.0NRT,296,7.8,D
18.556,95.271,316.3,1,1,2021-01-08,0415,T,43,6.0NRT,301.7,5.6,D
17.319,98.754,313.7,1.3,1.1,2021-01-08,0415,T,56,6.0NRT,292.1,10.5,D
17.309,94.98,312.6,1,1,2021-01-08,0415,T,47,6.0NRT,299.6,4.8,D
16.996,95.966,319.7,1,1,2021-01-08,0415,T,68,6.0NRT,301.2,8.4,D
16.949,96.035,316.9,1,1,2021-01-08,0415,T,65,6.0NRT,299.3,7.1,D
16.836,94.81,325.6,1,1,2021-01-08,0415,T,79,6.0NRT,293.1,17.9,D
16.543,96.402,321.4,1,1,2021-01-08,0415,T,72,6.0NRT,300.2,7.9,D
16.388,96.208,323.8,1,1,2021-01-08,0415,T,77,6.0NRT,300.5,11.1,D
16.386,96.217,320.6,1,1,2021-01-08,0415,T,73,6.0NRT,300.3,7.8,D
16.354,96.128,318.4,1,1,2021-01-08,0415,T,71,6.0NRT,301.3,6,D
14.844,100.184,312.6,1.8,1.3,2021-01-08,0415,T,33,6.0NRT,293.8,13.1,D
31.893,70.915,302.1,1.2,1.1,2021-01-08,0550,T,50,6.0NRT,288.2,5.8,D
31.884,70.913,303.4,1.2,1.1,2021-01-08,0550,T,53,6.0NRT,288.6,6.5,D
28.567,84.329,311.2,4,1.9,2021-01-08,0550,T,71,6.0NRT,278.6,100.8,D
28.04,69.382,302,1.3,1.1,2021-01-08,0550,T,43,6.0NRT,290.6,5.3,D
28.039,69.396,310.6,1.3,1.1,2021-01-08,0550,T,69,6.0NRT,290.8,13.5,D
28.012,69.269,306.8,1.3,1.1,2021-01-08,0550,T,63,6.0NRT,291.1,9.2,D
28.014,69.276,304,1.3,1.1,2021-01-08,0550,T,36,6.0NRT,290.9,6,D
25.973,68.816,304.4,1.3,1.1,2021-01-08,0555,T,47,6.0NRT,289.4,10,D
25.767,68.687,312.3,1.4,1.2,2021-01-08,0555,T,69,6.0NRT,288.9,17,D
25.658,68.998,305.6,1.3,1.1,2021-01-08,0555,T,51,6.0NRT,291.1,8.6,D
25.609,69.056,311,1.3,1.1,2021-01-08,0555,T,66,6.0NRT,291,13.4,D
25.583,68.863,306.6,1.3,1.1,2021-01-08,0555,T,56,6.0NRT,290.9,9.6,D
25.491,69.11,312.6,1.3,1.1,2021-01-08,0555,T,69,6.0NRT,291.1,15.1,D
25.516,68.814,305,1.3,1.1,2021-01-08,0555,T,48,6.0NRT,290.4,8.3,D
25.514,68.747,305.3,1.3,1.1,2021-01-08,0555,T,50,6.0NRT,290.4,8.7,D
25.517,68.74,309,1.3,1.1,2021-01-08,0555,T,62,6.0NRT,290.3,12.3,D
25.408,68.624,325.3,1.4,1.2,2021-01-08,0555,T,82,6.0NRT,290.8,35.9,D
25.377,68.795,305.5,1.3,1.1,2021-01-08,0555,T,50,6.0NRT,289.5,9.4,D
25.352,69.001,305,1.3,1.1,2021-01-08,0555,T,45,6.0NRT,290.6,7.4,D
25.348,68.777,309.2,1.3,1.1,2021-01-08,0555,T,62,6.0NRT,290.4,12.4,D
25.346,68.79,306.3,1.3,1.1,2021-01-08,0555,T,54,6.0NRT,291.1,9.9,D
25.267,68.865,314.5,1.3,1.1,2021-01-08,0555,T,71,6.0NRT,290.5,17,D
25.256,68.863,319.9,1.3,1.1,2021-01-08,0555,T,77,6.0NRT,290.4,24.7,D
24.859,68.455,307.7,1.4,1.2,2021-01-08,0555,T,56,6.0NRT,291.5,9.6,D
24.857,68.468,310.1,1.4,1.2,2021-01-08,0555,T,63,6.0NRT,291.4,12.2,D
24.651,68.481,309.6,1.4,1.2,2021-01-08,0555,T,61,6.0NRT,292.3,11,D
22.843,74.241,322.2,1.1,1.1,2021-01-08,0555,T,77,6.0NRT,295.8,17.4,D
21.513,72.839,314.1,1,1,2021-01-08,0555,T,63,6.0NRT,296.1,7.3,D
21.476,71.178,312.3,1,1,2021-01-08,0555,T,64,6.0NRT,300.8,4.6,D
16.53,75.3,312.8,1.6,1.3,2021-01-08,0555,T,63,6.0NRT,276.3,19.3,D
16.53,75.294,307.5,1.6,1.3,2021-01-08,0555,T,41,6.0NRT,276,10.9,D
16.528,75.309,306.7,1.6,1.3,2021-01-08,0555,T,22,6.0NRT,276.4,9.3,D
14.945,75.659,317,1.8,1.3,2021-01-08,0555,T,61,6.0NRT,293.8,15.8,D
15.173,100.87,315.3,4.3,1.9,2021-01-08,0720,A,39,6.0NRT,294.3,54.6,D
24.456,56.626,313.4,3.1,1.7,2021-01-08,0730,T,50,6.0NRT,298.1,31.9,D
18.421,95.258,328.3,1.8,1.3,2021-01-08,0725,A,82,6.0NRT,302.7,32.8,D
18.753,95.354,321.9,1.8,1.3,2021-01-08,0725,A,75,6.0NRT,302.5,17.5,D
18.751,95.336,324.7,1.8,1.3,2021-01-08,0725,A,78,6.0NRT,303.4,26.1,D
18.76,95.346,328.1,1.8,1.3,2021-01-08,0725,A,81,6.0NRT,303,33.7,D
19.792,97.001,311.1,2.5,1.5,2021-01-08,0725,A,18,6.0NRT,292.2,17.3,D
19.784,96.3,322.2,2.2,1.5,2021-01-08,0725,A,70,6.0NRT,300.5,35.6,D
19.789,95.059,318,1.8,1.3,2021-01-08,0725,A,64,6.0NRT,302.3,12.6,D
19.903,95.967,317.8,2.1,1.4,2021-01-08,0725,A,68,6.0NRT,298.1,25.1,D
20.096,96.901,313.5,2.5,1.5,2021-01-08,0725,A,19,6.0NRT,298.2,19.3,D
20.393,94.65,320.4,1.7,1.3,2021-01-08,0725,A,59,6.0NRT,303.2,14.6,D
19.024,82.661,316.2,2.3,1.5,2021-01-08,0725,A,53,6.0NRT,303.1,23.3,D
21.089,96.368,317.6,2.4,1.5,2021-01-08,0725,A,58,6.0NRT,297.5,36,D
20.128,85.842,316.8,1.3,1.1,2021-01-08,0725,A,65,6.0NRT,301.8,9.3,D
21.884,96.654,317.3,2.5,1.5,2021-01-08,0725,A,68,6.0NRT,299.7,35.2,D
21.889,96.646,313.7,2.5,1.5,2021-01-08,0725,A,61,6.0NRT,298.8,22.6,D
22.144,97.46,311.9,3,1.6,2021-01-08,0725,A,31,6.0NRT,296.8,23.2,D
22.306,99.194,310.1,4,1.9,2021-01-08,0725,A,46,6.0NRT,290.8,52.9,D
20.957,86.012,325.3,1.3,1.1,2021-01-08,0725,A,79,6.0NRT,301.4,20.4,D
20.967,86.01,317.9,1.3,1.1,2021-01-08,0725,A,67,6.0NRT,301.1,10.5,D
22.491,95.622,318.7,2.2,1.4,2021-01-08,0725,A,73,6.0NRT,300.5,21.9,D
20.913,83.752,314.8,1.8,1.3,2021-01-08,0725,A,66,6.0NRT,298.1,13.7,D
22.557,93.55,324.8,1.6,1.2,2021-01-08,0725,A,75,6.0NRT,299.7,31.6,D
22.556,93.535,319.3,1.6,1.2,2021-01-08,0725,A,43,6.0NRT,300,21.8,D
22.58,93.525,334.9,1.6,1.2,2021-01-08,0725,A,87,6.0NRT,300.3,56.6,D
22.47,91.742,309.7,1.2,1.1,2021-01-08,0725,A,42,6.0NRT,298.6,5.1,D
22.468,91.73,321.2,1.2,1.1,2021-01-08,0725,A,58,6.0NRT,302.3,17.3,D
23.241,93.739,307.4,1.6,1.3,2021-01-08,0725,A,47,6.0NRT,295.1,9.9,D
22.656,88.045,319.5,1,1,2021-01-08,0725,A,47,6.0NRT,297.8,11.2,D
23.65,93.403,307,1.6,1.2,2021-01-08,0725,A,41,6.0NRT,295.9,8.8,D
23.709,93.838,305.2,1.7,1.3,2021-01-08,0725,A,45,6.0NRT,293.1,11.6,D
23.628,92.733,306.2,1.4,1.2,2021-01-08,0725,A,50,6.0NRT,295.8,6.9,D
24.298,93.8,311.1,1.7,1.3,2021-01-08,0725,A,67,6.0NRT,295.1,16.3,D
25.043,94.472,308.6,2,1.4,2021-01-08,0725,A,62,6.0NRT,295.5,19.7,D
25.041,94.449,304.9,1.9,1.4,2021-01-08,0725,A,47,6.0NRT,293.2,13.9,D
25.035,94.464,311.9,2,1.4,2021-01-08,0725,A,69,6.0NRT,294.6,25.9,D
25.366,94.682,309.2,2,1.4,2021-01-08,0725,A,67,6.0NRT,293.5,21.3,D
25.49,94.108,304.2,1.9,1.3,2021-01-08,0725,A,46,6.0NRT,292.9,11.9,D
25.852,93.744,307.1,1.8,1.3,2021-01-08,0725,A,63,6.0NRT,295.4,8.1,D
26.023,94.386,305.2,2,1.4,2021-01-08,0725,A,59,6.0NRT,291.8,13.6,D
26.027,94.401,302.3,2,1.4,2021-01-08,0725,A,46,6.0NRT,292,9.4,D
26.064,94.398,304,2,1.4,2021-01-08,0725,A,55,6.0NRT,293.6,11.5,D
26.063,94.38,312.3,2,1.4,2021-01-08,0725,A,71,6.0NRT,293.6,26.7,D
26.14,94.647,320.5,2.1,1.4,2021-01-08,0725,A,80,6.0NRT,292.9,51.7,D
26.144,94.658,318.1,2.1,1.4,2021-01-08,0725,A,78,6.0NRT,291.4,46.4,D
26.142,94.639,311.3,2.1,1.4,2021-01-08,0725,A,70,6.0NRT,292.4,29.2,D
26.553,94.877,304.1,2.2,1.4,2021-01-08,0725,A,46,6.0NRT,292.2,12.9,D
26.648,95.08,305.4,2.3,1.5,2021-01-08,0725,A,23,6.0NRT,289.1,16.3,D
26.73,91.123,307.7,1.2,1.1,2021-01-08,0725,A,51,6.0NRT,294.7,6.1,D
27.15,91.245,307.5,1.3,1.1,2021-01-08,0725,A,61,6.0NRT,295.7,9.5,D
27.634,90.135,303,1.1,1.1,2021-01-08,0725,A,53,6.0NRT,282.3,8.4,D
27.304,84.481,307.9,1.2,1.1,2021-01-08,0725,A,42,6.0NRT,297,6.9,D
28.164,84.966,300.7,1.1,1.1,2021-01-08,0725,A,41,6.0NRT,287.3,6.3,D
28.236,85.015,306,1.1,1.1,2021-01-08,0725,A,43,6.0NRT,285.3,8.1,D
28.234,85.005,330.5,1.1,1.1,2021-01-08,0725,A,87,6.0NRT,288,35.1,D
28.231,84.684,315.6,1.2,1.1,2021-01-08,0725,A,76,6.0NRT,290.9,18.7,D
28.229,84.672,302,1.2,1.1,2021-01-08,0725,A,27,6.0NRT,290,6.4,D
28.55,84.31,370.2,1.2,1.1,2021-01-08,0725,A,100,6.0NRT,293.5,152.3,D
28.548,84.297,344,1.2,1.1,2021-01-08,0725,A,93,6.0NRT,294.9,66.2,D
28.553,84.318,327.7,1.2,1.1,2021-01-08,0725,A,85,6.0NRT,286.6,32.7,D
28.551,84.305,367.7,1.2,1.1,2021-01-08,0725,A,100,6.0NRT,298.4,142.2,D
28.563,84.318,311.2,1.2,1.1,2021-01-08,0725,A,60,6.0NRT,285.2,13.4,D
28.561,84.305,346,1.2,1.1,2021-01-08,0725,A,94,6.0NRT,295.3,71.6,D
28.609,83.739,340.8,1.3,1.1,2021-01-08,0725,A,86,6.0NRT,295.9,62.6,D
28.619,83.738,319.7,1.3,1.1,2021-01-08,0725,A,38,6.0NRT,289.9,22.5,D
